,0,1,2
0,0.9659039,1.7732956,0.16446348
1,1.0099572,2.6927009,0.18927217
2,0.9851671,3.3034885,0.15419659
3,0.96789396,2.4400222,0.20824304
4,1.0757368,0.743811,0.16225517
5,0.92664576,1.6432302,0.16134554
6,1.0635949,2.2808247,0.18819487
7,1.079755,2.597098,0.20615737
8,1.0883392,0.3728497,0.1608172
9,1.0004319,1.5026711,0.20615087
10,1.0552758,2.2214792,0.15378499
11,1.044234,1.7845322,0.15670016
12,1.0693196,3.1435165,0.20747076
13,1.0726796,2.105013,0.18446869
14,1.0545381,4.0091543,0.19015099
15,1.0467023,1.5843852,0.16103709
16,0.63220483,3.4602625,0.16861665
17,1.0870708,2.1098304,0.15716638
18,0.88203573,1.6567919,0.22301061
19,1.102509,4.552285,0.22432014
20,1.0682551,4.4227395,0.17038192
21,1.0212455,1.6996026,0.15510634
22,0.96719044,2.5658567,0.15817915
23,1.0802914,1.5406384,0.16974646
24,1.0979466,1.0527481,0.20706458
25,0.989548,4.390689,0.18611343
26,0.9761253,1.6867659,0.20625712
27,0.92352134,2.0721579,0.17534463
28,1.0725625,3.6352558,0.16886754
29,1.019051,0.24780825,0.1931135
30,1.0218188,3.9468462,0.17568904
31,0.8063988,0.8778637,0.14702816
32,1.0981175,1.8606671,0.16077091
33,0.7622252,1.2507055,0.17038217
34,1.0673048,1.816987,0.20136525
35,0.96157414,1.5555137,0.15394174
36,0.9046931,1.6741617,0.15522914
37,0.6195077,3.1739244,0.18279022
38,0.6504179,3.9617367,0.2348835
39,0.9508664,2.1943634,0.1918756
40,0.7894442,3.6089094,0.23002698
41,1.0606725,1.7989081,0.18834211
42,0.9924263,3.2968655,0.1715858
43,0.8398252,2.784691,0.17597893
44,0.6503856,7.65926,0.16454165
45,1.0909119,2.781471,0.20375776
46,0.9819784,2.127405,0.18565953
47,1.0874918,0.08676356,0.20195986
48,0.94360876,2.0798244,0.1872407
49,1.0307146,1.3036816,0.1440343
50,0.9651369,0.5272479,0.15118204
51,0.84564835,4.2499065,0.19428603
52,0.98188114,2.5910573,0.19112659
53,0.9476887,1.7124577,0.18619367
54,0.98455286,3.761912,0.22063096
55,0.9678071,0.76055974,0.18701878
56,0.99380356,2.1622722,0.23755868
57,1.0623459,1.0434096,0.1591948
58,0.97128767,2.4038944,0.16994767
59,0.8569319,1.8153522,0.15124187
60,0.9662677,3.84483,0.14735973
61,1.018267,1.9229721,0.16672881
62,1.0438601,1.8636622,0.14170684
63,1.1067882,1.8364534,0.17617857
64,1.0795119,1.3969848,0.16211158
65,1.0966537,2.8604493,0.21693656
66,1.0467111,1.8892558,0.16690286
67,1.080877,1.2465597,0.1979363
68,0.9570396,0.931698,0.15446728
69,0.9819788,1.310463,0.17042446
70,0.9391845,4.2187996,0.20362836
71,1.0140083,1.4437411,0.18059789
72,1.0244484,1.552119,0.18939954
73,1.0500942,3.7021184,0.18121772
74,1.0262864,0.4770068,0.14975394
75,0.98243135,3.3363721,0.18543357
76,0.9714556,1.8200315,0.17326197
77,0.5271272,4.717908,0.15858433
78,1.1088277,4.026678,0.15683445
79,1.1047084,3.8277874,0.1667096
80,0.9251828,3.6619885,0.16063838
81,1.0598427,0.74079704,0.1836633
82,0.86922204,2.3048677,0.216428
83,1.0837094,2.010215,0.15447591
84,1.0868618,3.2923791,0.16002348
85,0.86071926,3.9319482,0.16664883
86,1.0654529,7.702566,0.21860175
87,0.9119299,1.6370811,0.19155814
88,1.0737747,0.7558182,0.18030235
89,1.1094148,0.043540508,0.15908192
90,0.9283655,1.8683952,0.16048253
91,1.0766401,1.6548839,0.14841741
92,1.0138208,0.3918634,0.170282
93,0.86294854,1.4599714,0.18992317
94,0.7359991,3.629476,0.1610295
95,1.0558882,1.5792102,0.19724934
96,1.1005499,1.6223652,0.2103816
97,1.1038847,3.6527524,0.15694104
98,0.73301,2.5015445,0.16489711
99,1.0499938,0.7166014,0.18814074
100,0.99863786,4.4156227,0.1699664
101,1.0681436,0.91102684,0.15121697
102,0.95963687,5.0097814,0.17741205
103,0.9472702,4.925626,0.19643886
104,1.0180246,7.3028417,0.21618572
105,1.0810359,0.43949568,0.15329234
106,1.0538721,1.7664397,0.1884362
107,1.0384159,3.7396312,0.1875912
108,1.0898017,7.5260005,0.17728642
109,0.8356584,4.187337,0.17896767
110,1.0430773,1.8075716,0.19323602
111,0.89494735,1.7351807,0.17675698
112,1.0666294,1.6218219,0.13443518
113,1.0657029,3.476437,0.1644737
114,0.91033345,2.3872771,0.1898027
115,0.9791241,4.4547024,0.16554528
116,0.98987716,1.7565938,0.23506436
117,0.973709,1.5493861,0.18452546
118,0.9915046,4.295762,0.1461743
119,1.0675606,4.097549,0.18895926
120,1.0163096,1.8596379,0.18273461
121,1.0889181,0.5744918,0.1797141
122,0.8796211,3.0090475,0.18255621
123,0.7216557,3.063858,0.17657943
124,1.0697598,1.2938153,0.2091288
125,1.0305542,1.8143942,0.17728244
126,1.0900908,2.6004233,0.18065044
127,1.0391214,4.8914156,0.15933397
128,1.0302773,2.0782268,0.17477788
129,0.7920757,1.6929294,0.15993795
130,1.0646306,2.8768842,0.16264397
131,1.0846106,3.7748494,0.17682609
132,1.008225,7.5138016,0.198934
133,0.9533994,2.9320576,0.17957929
134,1.0025184,4.4672623,0.15539747
135,1.1031134,3.9694083,0.17601508
136,0.99470013,3.8126788,0.17738265
137,1.0115997,1.5366039,0.1827367
138,1.0825815,1.8630257,0.14354241
139,1.0779686,1.5200396,0.13176246
140,0.94012684,4.375349,0.20257822
141,1.0511768,2.5211444,0.20499766
142,0.97997975,4.341117,0.18829393
143,0.5265653,2.2447577,0.23012799
144,0.94700587,2.2701056,0.15342277
145,0.9774729,3.7952437,0.14409566
146,1.0355929,2.4985037,0.16722907
147,1.0741043,2.7440717,0.19156772
148,1.0445663,3.1226282,0.2120424
149,1.0738572,1.5921603,0.17786993
150,1.0229105,1.1711833,0.15927586
151,0.98642755,2.224754,0.20876652
152,0.90876013,0.742357,0.21032785
153,1.0799974,1.6297789,0.17261049
154,1.0139151,5.077344,0.17320217
155,0.8507745,3.9840212,0.18090832
156,1.0460652,0.2638631,0.19879489
157,0.80595917,1.3570129,0.1902144
158,1.0289195,2.1916409,0.19626322
159,1.0839854,0.35837507,0.16137147
160,0.92868614,3.4380584,0.23346306
161,0.85008293,2.3149242,0.15719241
162,0.90150213,4.0377536,0.16197813
163,0.91679335,1.7925783,0.18994775
164,0.7865943,3.4365706,0.14007044
165,0.9735384,2.2193365,0.23540848
166,1.0908775,1.6980264,0.17434901
167,1.0929828,1.736955,0.2032798
168,1.0496968,3.7875667,0.21421774
169,1.04165,3.2304285,0.1604735
170,0.970841,4.4040737,0.14168471
171,0.819679,3.7672527,0.1882549
172,1.1109993,1.2695806,0.1781959
173,0.96091604,2.4561884,0.19991586
174,0.778106,1.9369352,0.19119756
175,0.89768255,3.0115342,0.17462222
176,0.9021835,3.8055086,0.13201599
177,0.73089087,1.6237037,0.16426884
178,1.0989931,2.1156318,0.17842259
179,0.998272,1.6384244,0.16513549
180,1.0879695,1.39211,0.16648632
181,1.0215086,5.110282,0.14513926
182,1.0420885,1.9545143,0.15607524
183,0.99401927,2.4964514,0.20116931
184,0.84227693,1.1617513,0.16687572
185,1.0125872,3.6387012,0.17412172
186,1.0299463,2.5305643,0.17005986
187,0.83540684,1.1215231,0.20375341
188,0.9683471,1.8878794,0.17905273
189,1.0808668,1.8538754,0.21330214
190,1.0755035,2.196831,0.15149404
191,0.99506015,1.5849638,0.1656911
192,0.99821335,5.3571477,0.15065528
193,0.90314037,2.8459432,0.2211928
194,0.9512196,3.445846,0.20157652
195,0.7707311,1.9644088,0.14905182
196,1.0739026,2.0182526,0.1642066
197,1.0817697,0.8811832,0.17770119
198,0.93378955,1.0241148,0.17826775
199,0.9321921,2.1491199,0.1840451
200,1.0079876,5.7305512,0.20215133
201,0.9265364,1.6781961,0.1697419
202,0.88254833,1.778503,0.16541636
203,1.0607373,1.9879777,0.15444191
204,0.9753913,2.3105378,0.1709524
205,0.9552938,1.4944643,0.17721416
206,0.96603763,0.8908204,0.19543742
207,0.992952,4.494104,0.21205841
208,0.95651084,1.9334202,0.1640883
209,0.9991857,4.933936,0.17377144
210,1.0260302,2.8020437,0.16910249
211,0.8259509,1.8511293,0.19053417
212,1.0915663,0.29234648,0.18396564
213,1.0755178,2.0405574,0.17373501
214,0.8712616,3.5279708,0.18258886
215,1.0776775,2.4839473,0.15897508
216,0.98238826,2.0121279,0.1912583
217,0.89673096,3.20528,0.17735085
218,1.0035954,2.116887,0.18870759
219,0.96259236,2.7996082,0.17666847
220,0.88187283,4.171921,0.15674493
221,1.0817213,1.524738,0.1784518
222,1.0014122,4.6163764,0.19888344
223,0.8055682,2.0461354,0.15247157
224,0.94754696,0.72555995,0.13488477
225,1.005282,1.1947417,0.17798747
226,1.0932527,0.09802842,0.16164355
227,1.0671124,2.0915585,0.1785037
228,1.0869318,3.7103329,0.20292656
229,0.9935696,2.155593,0.18177137
230,0.7483536,2.8540347,0.18547285
231,0.8259747,4.2077947,0.19467178
232,0.9330777,1.5001471,0.18089119
233,1.0433601,2.3387365,0.14820036
234,1.0695155,0.21260135,0.150554
235,1.0877707,4.3763247,0.17959617
236,1.0722822,1.6314163,0.16609308
237,1.0451273,1.5873755,0.14442565
238,1.1114229,0.03606069,0.15798508
239,0.933281,1.8577789,0.18145014
240,1.0908275,1.9441948,0.18888295
241,0.8675925,4.82861,0.17442851
242,1.0669296,1.0852108,0.16228063
243,1.0174779,3.9072149,0.17871422
244,0.9419658,1.2395976,0.14807244
245,1.0751249,2.178534,0.1790447
246,0.96674097,1.5687057,0.17898847
247,0.95579445,0.8919706,0.14747623
248,0.93188435,3.9447978,0.1731204
249,1.0541217,1.5485941,0.17603952
250,0.5324403,4.645532,0.15286866
251,0.819407,2.7626522,0.21574959
252,1.0772735,1.6639959,0.17008871
253,0.98352784,1.8226097,0.19926096
254,0.9057592,3.3964357,0.19990088
255,1.0602744,0.354733,0.16453978
256,1.0037841,1.3860991,0.19777784
257,0.94886124,3.6696382,0.1313168
258,1.003501,1.1643288,0.15415917
259,0.9422972,1.3103112,0.15189692
260,0.9871021,1.6009369,0.122935794
261,1.0533162,1.115031,0.19130675
262,0.9196465,3.4807968,0.20426607
263,1.0478456,1.6908472,0.16809279
264,0.9887898,2.444241,0.14666346
265,0.96969545,3.975636,0.17590559
266,1.0989435,3.4191847,0.18799548
267,0.91355073,1.7599869,0.117632195
268,1.0997303,0.0039207935,0.17262523
269,1.06312,1.2948041,0.20602557
270,1.0744667,2.0647876,0.20282525
271,0.9704053,1.8914776,0.18803115
272,1.1019257,0.9966983,0.18263957
273,1.0499455,0.35043836,0.19223474
274,0.99695486,1.2671916,0.16208337
275,1.081027,2.7547064,0.20948432
276,0.97150445,1.9373605,0.1708081
277,1.0407337,3.5825398,0.16580407
278,0.9708032,2.2224085,0.14326039
279,0.8554473,4.7834535,0.21711606
280,0.95927703,3.9821851,0.17214441
281,0.89432293,4.839232,0.15198565
282,0.7256183,8.116856,0.19013721
283,1.0122093,2.504587,0.15758409
284,1.0735209,2.056398,0.20387597
285,1.0377365,0.32546818,0.1339321
286,1.023273,3.3612142,0.12708575
287,1.0616258,1.2804255,0.20668179
288,1.0894421,0.19836152,0.1440435
289,0.88281107,3.9621348,0.24878708
290,0.910073,0.6884208,0.17044143
291,1.0826665,2.1262186,0.17184474
292,1.0412048,1.8851993,0.17067379
293,0.9315724,1.5316329,0.16880484
294,0.9312095,2.9313526,0.15717357
295,1.0697101,2.0015671,0.20357616
296,0.92953235,2.3762827,0.21227084
297,1.0778832,0.68506,0.18456061
298,1.0132734,4.1323156,0.16047055
299,0.92060196,2.733509,0.17814438
300,1.0138601,4.3826103,0.1936765
301,1.0160148,0.3921341,0.15707132
302,1.0533388,1.4332414,0.19150488
303,1.0848598,3.7310233,0.16659696
304,0.95838946,2.002542,0.14699498
305,1.0413244,4.4723296,0.19334626
306,0.9517324,3.3800092,0.21312153
307,1.0866623,1.4801575,0.17291535
308,1.1064345,1.2930318,0.20882913
309,1.0414935,0.7060492,0.17306961
310,0.9917621,3.7663956,0.14365268
311,0.8038546,3.550488,0.1768921
312,0.786851,1.5710421,0.19765532
313,0.96724296,4.7688923,0.1534377
314,1.0955564,4.2410207,0.19525482
315,1.0902419,2.5268574,0.15526041
316,1.0193975,3.7615657,0.19162512
317,0.96247745,2.1308043,0.18187614
318,1.0674179,1.5718126,0.15283073
319,1.0180277,2.8606172,0.19654238
320,0.6701149,3.961978,0.20970657
321,0.90530413,3.9021986,0.19607906
322,1.0931885,3.9121819,0.21340229
323,0.96755713,1.7146517,0.17630899
324,1.0538498,2.593377,0.22020191
325,1.0579004,2.1156526,0.13795683
326,1.0026476,3.8113315,0.15534782
327,0.84711325,6.832494,0.17512332
328,1.0732999,1.2294645,0.17324191
329,1.014817,1.2904869,0.18088773
330,1.0203708,1.898228,0.17425443
331,1.0066726,2.7148082,0.17634362
332,0.99786687,1.888128,0.19393001
333,0.9970828,1.9175471,0.16688101
334,1.0367372,3.5161605,0.1674191
335,0.87761366,3.946616,0.16271743
336,1.0428745,1.361882,0.20935653
337,0.9984555,1.7996616,0.17923082
338,1.0715079,3.320767,0.1486849
339,1.0171657,1.600587,0.15595384
340,1.0767196,2.2089467,0.16066305
341,0.96765864,3.7406025,0.147178
342,1.063347,0.7669101,0.16477135
343,0.9365528,2.1226308,0.18118328
344,1.003506,1.9081556,0.20150715
345,0.98040324,0.6650132,0.16444522
346,0.8731745,3.7805278,0.14492366
347,1.0566741,1.7734634,0.20220217
348,0.99802357,4.1189117,0.18652952
349,1.007106,2.2445786,0.1854615
350,1.0769869,0.16813803,0.19081578
351,1.0091106,4.2384787,0.18387473
352,0.9761691,1.6817105,0.18746254
353,1.047465,1.6317766,0.18041602
354,1.0197088,5.010022,0.19483127
355,0.8345339,2.2724636,0.19833997
356,1.0931199,3.3510516,0.20097296
357,1.0626141,3.574287,0.213344
358,0.8875063,1.8172476,0.172409
359,1.1008763,3.2451587,0.18636213
360,1.0262191,1.9228404,0.15053737
361,0.9480678,3.5856767,0.16041552
362,0.9152433,1.7075946,0.1473369
363,0.7891433,1.9013243,0.19481224
364,1.0945445,1.179435,0.18675609
365,0.90792257,2.0815737,0.15697041
366,1.0440456,1.5521328,0.23270853
367,0.7412697,1.8884652,0.2119452
368,0.89245903,2.4569032,0.1617423
369,0.7964572,1.5721436,0.2100843
370,0.5219065,4.81557,0.18845561
371,1.1028864,0.8196392,0.1863013
372,0.870654,2.0924828,0.18263932
373,0.96880025,3.7108922,0.1935382
374,1.0798761,3.2615938,0.15119246
375,0.92796856,3.550815,0.16196434
376,0.9364501,3.6048715,0.19777778
377,1.0825734,3.3413582,0.19799352
378,0.9974401,4.190025,0.17023294
379,0.79000956,4.496074,0.18111125
380,0.8424524,4.4375744,0.15489633
381,1.0813973,6.4034786,0.14906986
382,1.0941354,0.52205706,0.17888741
383,1.0901985,0.50055957,0.17187697
384,0.91447175,4.558213,0.18129393
385,1.0333151,1.8282952,0.17807144
386,1.0803123,2.129521,0.19167642
387,0.92613024,3.8759415,0.17865345
388,0.92813766,5.799226,0.15961777
389,0.8940668,4.1460533,0.16856112
390,1.0072275,0.97568095,0.17227344
391,1.0525073,0.33393478,0.13864276
392,1.0047575,3.816831,0.15560064
393,0.7427869,4.9983106,0.17810285
394,0.9542842,2.3921537,0.19084181
395,0.8431805,1.6351829,0.15141346
396,0.8870424,2.0440545,0.16671816
397,0.9944987,1.9383056,0.20086622
398,1.0221015,4.2508526,0.20148937
399,0.9406725,1.7865076,0.22288962
400,1.0755023,1.5075786,0.21193223
401,1.0770005,2.1894898,0.1444115
402,1.0150471,1.3995566,0.16988543
403,1.06942,2.4430385,0.20208842
404,1.0765527,1.5739241,0.16594274
405,0.9112038,0.609897,0.1908562
406,1.0644025,4.950213,0.18241474
407,0.9089125,1.5964371,0.18301076
408,1.0371128,1.930668,0.15222736
409,0.928247,1.679609,0.17715466
410,0.8515534,2.6614704,0.15005946
411,0.7765572,2.0197024,0.17531773
412,1.0352087,4.870122,0.17763087
413,0.9638633,1.9848126,0.16544311
414,0.9021317,4.514885,0.17177728
415,1.0597507,4.2208543,0.14565617
416,1.0443125,0.8035178,0.18882275
417,1.0038519,4.571445,0.16071251
418,1.0840484,1.5392151,0.16368046
419,1.0724082,1.8743589,0.14951497
420,1.086656,5.0804863,0.18068439
421,0.817836,1.7014134,0.19867882
422,1.0854852,3.9201674,0.16602662
423,0.9633835,1.9433802,0.17393105
424,0.92930436,2.2536197,0.15638688
425,1.0695051,2.415647,0.19945945
426,1.0226582,1.2229409,0.16566694
427,0.9204055,0.6291263,0.186647
428,1.0814718,2.2578695,0.17840111
429,0.7308789,4.9671855,0.21386002
430,0.75246763,1.5292587,0.20458108
431,0.9802355,3.5280066,0.16526526
432,0.77997065,2.8190906,0.16704181
433,0.8304844,2.3135076,0.1677042
434,1.0617212,2.7343786,0.14809272
435,0.9302125,2.0246127,0.19056751
436,0.8506671,5.582901,0.16107477
437,0.89746857,2.3984442,0.16638751
438,0.96069926,2.4299707,0.19723712
439,0.8308431,1.9811541,0.1975832
440,1.1010185,2.001481,0.18893255
441,1.033001,0.35643923,0.1863221
442,1.0534822,1.6584402,0.19323324
443,1.060592,0.9871371,0.21181102
444,0.67096275,2.218172,0.17985457
445,0.8402283,4.5990667,0.17726137
446,1.0273898,1.4218206,0.18871625
447,1.0985965,0.3777188,0.1867054
448,0.551999,2.6695638,0.22017239
449,0.9937116,4.8237085,0.17797984
450,1.0477129,2.5159535,0.23745215
451,0.9877665,2.396731,0.14260246
452,1.0421648,2.0033576,0.19344927
453,0.9235121,1.6640216,0.17350438
454,1.0264828,4.172325,0.16666146
455,1.0611402,0.7283373,0.1998512
456,0.98269826,4.6843033,0.17868382
457,1.0103601,2.516402,0.17627038
458,0.5265857,3.7476285,0.16229051
459,1.0737903,1.5189245,0.16004592
460,1.0654291,2.0264876,0.16310598
461,0.82462615,7.2781334,0.19460186
462,0.79724246,1.5876958,0.18910727
463,0.9350758,3.3989682,0.16683324
464,1.0343232,3.94122,0.1622798
465,0.95610666,4.0128293,0.14204197
466,1.0313777,3.6414824,0.20774542
467,0.8460975,5.9488735,0.1585774
468,0.9846311,3.9029818,0.16428484
469,1.0547651,1.6239283,0.1774907
470,0.9653179,3.382987,0.16030538
471,1.0517421,1.8445693,0.16667801
472,1.0860797,2.4089174,0.13761444
473,1.0768722,1.8889296,0.16186647
474,1.0567571,3.901565,0.20296797
475,1.0106424,1.5861799,0.18340668
476,0.96386313,2.1293478,0.14507435
477,0.900666,1.4714472,0.17607182
478,0.8993318,1.8376044,0.20171422
479,0.9664738,3.8742545,0.15890828
480,1.0468706,2.0937681,0.15132025
481,0.9870391,1.845618,0.20006184
482,0.96797585,5.227112,0.12854701
483,0.9639979,2.2275784,0.122993976
484,1.0505625,2.253674,0.13966647
485,1.0686917,2.841723,0.14771248
486,1.0666327,4.059649,0.15599063
487,1.0484768,1.7097039,0.19724236
488,1.0574456,4.019569,0.20244168
489,1.0883176,1.7071433,0.16336088
490,0.98937446,1.9239995,0.19409108
491,0.85462695,2.00288,0.14453547
492,0.91162115,3.5954313,0.16605736
493,0.9212819,2.3214538,0.19054328
494,0.963084,4.626683,0.20034215
495,0.9216862,3.0449662,0.19542897
496,1.0276755,4.205765,0.18967691
497,1.0831285,1.8771135,0.17607534
498,1.0930614,1.5235944,0.16806817
499,0.8393443,8.636803,0.20937161
500,1.0493717,1.5745625,0.1660546
501,0.93167037,3.256298,0.1722237
502,0.894315,5.2718678,0.176067
503,1.0589738,2.0287445,0.15372227
504,0.90648514,4.2391953,0.1787514
505,0.6749508,1.9342192,0.14779755
506,0.9527578,1.931698,0.14431664
507,0.71871865,3.9541774,0.18195076
508,0.8760501,2.4756935,0.16265734
509,1.0078806,3.7626224,0.16267458
510,0.74027,2.0739162,0.14531724
511,0.884922,2.2717667,0.17942221
512,1.0494143,5.553633,0.1695016
513,1.0062418,3.3068118,0.17977081
514,0.6371782,4.0555763,0.14817591
515,1.0844749,4.3083878,0.14624745
516,0.87735164,1.883579,0.18563594
517,1.0801648,1.7316192,0.17312633
518,1.0884645,1.3482988,0.2092028
519,1.0078608,1.4801819,0.16604799
520,1.0908902,1.7405322,0.17101744
521,0.92633843,2.1934767,0.1974148
522,1.0412729,3.821371,0.19865914
523,0.89511454,2.2308147,0.18033229
524,0.98789275,0.3812461,0.20743382
525,0.66788125,2.0436358,0.15956795
526,0.72505903,1.7227217,0.1714997
527,0.9695213,1.3965689,0.18542421
528,1.0272261,3.9507847,0.14565066
529,1.0630875,2.0482736,0.18603198
530,1.0490752,1.8509427,0.14666027
531,1.0607543,1.2585311,0.17026058
532,1.0809839,0.08103895,0.22158386
533,1.0681262,0.7183442,0.17190231
534,1.0811749,1.1893506,0.1800616
535,1.0498106,2.2445703,0.18819971
536,0.81579685,2.3539941,0.19631733
537,1.0691121,2.2248414,0.1760459
538,0.9110157,1.9530911,0.1595021
539,0.9455763,1.0579412,0.1623152
540,0.9881139,2.9686103,0.1683714
541,0.9736757,4.7918444,0.18440491
542,1.0489948,2.1666846,0.22531134
543,1.0570692,0.97850585,0.16207181
544,0.8710677,3.286626,0.18205763
545,1.0556655,3.3381717,0.17669934
546,1.0631237,1.1812419,0.2112609
547,0.97322017,2.3570566,0.19631568
548,1.0451173,4.298596,0.09592303
549,1.0806134,1.6736779,0.17789222
550,0.8990077,2.9248269,0.16161521
551,1.0575411,3.7481475,0.21487162
552,1.0277355,1.4476058,0.22728717
553,1.0009588,3.1774487,0.19436309
554,0.9158225,1.9555945,0.16308685
555,0.97699755,2.5335472,0.15050179
556,0.8185667,3.9523797,0.20346959
557,1.0417795,3.9928546,0.19582738
558,1.076858,0.058467746,0.18346915
559,0.9989361,1.3368819,0.17562485
560,1.0211439,2.43354,0.14522646
561,0.9223832,4.177861,0.17121272
562,0.90801966,1.6168873,0.17056102
563,0.978765,3.8078294,0.17730844
564,0.7906906,2.323663,0.21645042
565,1.0478956,1.5584702,0.19418535
566,1.0377948,1.9434843,0.18386318
567,0.95702523,1.5362681,0.20379181
568,0.87767005,4.510774,0.18455455
569,1.050251,1.8259623,0.19068173
570,0.99021333,2.332048,0.1897667
571,0.97108805,1.8644904,0.16687329
572,1.0869219,0.5078474,0.20753676
573,1.0783029,2.4481788,0.14749949
574,1.0745974,2.322259,0.18283302
575,0.8826307,3.1134443,0.18377973
576,1.0325896,2.0417159,0.18285424
577,0.8803772,1.3518448,0.16161476
578,0.96885186,1.2559736,0.23173201
579,0.8927516,3.749487,0.18188134
580,1.0170654,4.5413547,0.18701233
581,1.0441953,1.2938722,0.19402981
582,0.95025647,3.7088928,0.21743469
583,1.0792173,2.5214128,0.15196788
584,1.0947375,0.58158946,0.18484987
585,0.97696686,4.0838156,0.18156537
586,0.8084345,1.6019857,0.15812783
587,1.0947245,0.97121686,0.17194615
588,1.0695806,0.78395736,0.16401844
589,0.820187,2.5179498,0.16576746
590,1.0772785,2.0012817,0.18382777
591,1.0440485,2.099169,0.19272028
592,1.0895493,2.1634874,0.1786483
593,0.8958198,1.2638254,0.20771556
594,1.0747242,3.163196,0.22925958
595,1.0979744,0.9871817,0.20000336
596,0.93997157,1.1256199,0.18295872
597,1.0674962,6.64387,0.17885196
598,0.97956544,1.5055107,0.14513543
599,1.0637804,1.7611054,0.19341066
600,0.990888,4.5786104,0.20148793
601,1.067043,4.494481,0.18433623
602,1.0169287,1.8201137,0.19849363
603,0.8719622,4.6301584,0.1519687
604,1.0800785,2.9606555,0.147021
605,0.8389873,1.3639144,0.21600063
606,1.0828681,1.5281944,0.1854039
607,1.0569769,3.9299045,0.16618872
608,0.649944,1.4746112,0.13878235
609,0.9658199,3.8806121,0.18964933
610,1.0753231,3.1451383,0.16574088
611,0.8544549,5.11665,0.17808287
612,1.0382528,4.682728,0.15789406
613,0.81856227,2.0655031,0.20620653
614,0.8676463,2.387364,0.19770353
615,0.995837,1.6094978,0.16049944
616,0.91387546,1.5544524,0.18917967
617,0.9941507,1.7178638,0.155967
618,0.87207097,1.6423073,0.17021488
619,1.0490729,1.7226307,0.17297103
620,1.045581,0.51248837,0.16318424
621,1.0889869,5.4108005,0.18061349
622,1.0704448,0.2334579,0.20302904
623,1.0104557,3.381383,0.17818089
624,1.0879668,1.5017283,0.20591494
625,0.96483165,1.5844885,0.14269255
626,1.101568,3.5658727,0.14383882
627,1.0879242,1.3301249,0.18569525
628,0.98759747,1.8360137,0.15918978
629,1.0396206,1.6570296,0.19567174
630,0.8951932,1.6310847,0.15543248
631,0.95668304,3.4584055,0.19158636
632,1.0318124,2.0528615,0.13560735
633,1.0483028,0.5977446,0.17189449
634,1.0959098,0.016224831,0.24318874
635,0.8686205,4.7892137,0.1570053
636,0.63355094,3.325188,0.13975024
637,0.9744542,2.3628178,0.20771979
638,0.6444587,3.4503365,0.24124317
639,0.8615415,3.687975,0.23129332
640,1.0553242,0.80254793,0.19328557
641,1.0863675,1.8979521,0.15614818
642,0.98729944,1.8648083,0.18990217
643,1.0191985,0.86532295,0.15017484
644,0.90789306,3.401779,0.16311696
645,0.8388452,2.4034812,0.15053637
646,1.022483,0.85258466,0.17234738
647,0.8686131,4.684632,0.19759613
648,0.91086316,1.7052028,0.2131094
649,0.9440724,4.532804,0.14507045
650,1.0986042,1.5014992,0.20517506
651,1.0889313,0.7833235,0.15836689
652,0.918382,2.6063514,0.21011849
653,1.0290219,3.7136717,0.18251444
654,1.1074135,6.945628,0.26800442
655,1.0031359,2.1709075,0.19752629
656,1.0365509,3.4606483,0.16547242
657,1.0668166,1.8557154,0.18227813
658,1.0563712,1.7237353,0.16638228
659,0.87220514,4.710202,0.16363923
660,0.7643998,2.620856,0.13995525
661,1.0636733,3.3431573,0.15994471
662,1.0082766,3.3445923,0.19047925
663,1.0175894,4.099248,0.19614638
664,0.95879513,3.6647754,0.14465265
665,0.73811024,2.851173,0.1997659
666,0.747277,2.1340528,0.20363861
667,0.8112474,3.5832083,0.23394503
668,1.0787678,2.6416245,0.15701061
669,0.9824682,2.10704,0.19347173
670,1.041625,1.4177835,0.17791851
671,1.0915626,1.3244133,0.15586366
672,0.95542294,1.0202155,0.16116393
673,0.9816016,2.08053,0.15332729
674,1.0941284,3.6812296,0.13189338
675,0.94082683,1.1082247,0.17554097
676,1.0092616,1.8658789,0.18097006
677,1.0662694,0.3792498,0.1967238
678,1.0598177,1.531527,0.22081259
679,0.9566699,2.4025433,0.17569347
680,1.053168,0.7414584,0.19903785
681,1.0572962,1.5574415,0.1829156
682,0.9495528,4.599935,0.16697283
683,0.85948825,2.3507679,0.16068861
684,1.0209532,2.744086,0.16187595
685,1.0015657,0.7606438,0.19049418
686,1.0702413,1.388866,0.15791674
687,1.0553081,1.7939402,0.168998
688,1.0373491,0.80546916,0.18960896
689,1.003577,3.3217404,0.17845859
690,1.0642619,2.0140266,0.1768094
691,1.0166538,1.3802323,0.22510177
692,1.0654389,3.7323246,0.17696558
693,1.0335399,2.4214776,0.19005086
694,1.0382757,0.6524061,0.18498233
695,1.1040215,2.0695195,0.14946589
696,0.98808265,1.4026937,0.19803926
697,1.0750121,4.2056437,0.16994455
698,1.0862339,1.7401991,0.17870177
699,0.99214196,3.6057146,0.18103667
700,1.0611635,3.1202455,0.1475856
701,1.1030043,4.5404153,0.17645994
702,1.0967995,0.75537086,0.15702051
703,0.98045504,2.7277312,0.1547914
704,1.0736431,2.1797085,0.1816066
705,1.0235769,1.77581,0.17397518
706,1.0037589,1.8424475,0.14621794
707,1.0580151,3.395985,0.16680455
708,1.0355401,1.5874258,0.16867453
709,0.8602197,4.1722565,0.15872835
710,1.0142924,2.109353,0.19664586
711,1.0612588,1.7126021,0.23017888
712,1.0171926,2.2749295,0.17665476
713,0.93205464,4.294446,0.17909142
714,1.0466349,4.703524,0.22856033
715,0.97335875,5.235701,0.18830794
716,1.0473832,1.7410514,0.15352218
717,0.8868949,3.7358685,0.1778165
718,0.9509246,2.5672946,0.22442436
719,1.1071106,0.48763025,0.20960346
720,0.94630015,1.7993431,0.16927661
721,0.96339613,2.0215707,0.15700015
722,0.93446654,0.9333447,0.16465586
723,0.93431664,3.7089243,0.1762903
724,1.084656,0.5976614,0.16914716
725,0.9942131,3.5197322,0.1584974
726,1.0955322,1.4102167,0.15493405
727,1.0253558,5.2294984,0.18639217
728,1.0854034,4.34797,0.1768523
729,0.88205314,2.8535857,0.19001973
730,0.827741,1.9833732,0.23817724
731,1.0276637,0.89535403,0.1746314
732,1.0929847,2.4411798,0.13990422
733,1.0910237,0.62191796,0.17010492
734,0.8629767,3.8946376,0.19170327
735,1.0697894,3.8446112,0.18859895
736,1.0346144,1.1110883,0.18900703
737,1.1013391,1.419652,0.18671581
738,0.9669036,2.440896,0.1658186
739,1.0201145,0.7214135,0.20254906
740,0.9655668,3.5420313,0.21469183
741,1.0571885,1.7089517,0.1486105
742,1.0621666,1.6808285,0.18385574
743,0.9472474,0.7744298,0.16621988
744,1.1085802,0.88688576,0.17323789
745,1.0471215,2.7376647,0.19324002
746,0.9935845,2.4054697,0.14687255
747,0.9704533,1.9033172,0.18833812
748,0.95765245,1.4238001,0.1663873
749,0.9234338,3.4589257,0.16360375
750,0.93987453,3.9501626,0.21911697
751,1.063497,1.4794661,0.12879519
752,0.9309802,3.1915967,0.16176057
753,1.0708872,0.8372007,0.11089206
754,1.0189251,2.620615,0.14421059
755,1.0689125,1.8241414,0.17707467
756,1.0333735,3.2353563,0.18443337
757,0.9218212,1.6609713,0.20514825
758,1.0127456,3.461082,0.14316891
759,1.0574107,3.9972742,0.1960217
760,1.088695,0.074394226,0.15429328
761,1.033452,3.7234285,0.17495427
762,1.066499,1.8789482,0.17505391
763,0.8822762,3.0885696,0.1603461
764,1.0349042,2.0896773,0.17577365
765,0.8935251,6.3769364,0.17742121
766,0.7698961,4.288211,0.1663711
767,1.0863605,1.0211914,0.19523934
768,1.0362592,4.436234,0.2174715
769,0.6684918,3.9841664,0.15388368
770,1.0116584,3.7414417,0.17626964
771,0.9564835,2.1645257,0.20479633
772,0.95831776,1.8489064,0.18816972
773,1.0959786,0.058853846,0.17077015
774,0.6659515,3.937148,0.1870511
775,1.0112381,1.3878909,0.19301598
776,0.9317554,2.3728263,0.12802413
777,0.9087638,2.182574,0.18891492
778,1.0691825,2.2194948,0.21416503
779,0.8916241,4.022476,0.16643521
780,1.0583715,1.4432017,0.16252546
781,1.065669,0.7317313,0.18441184
782,1.0950407,1.5832207,0.16591954
783,1.0538118,1.4747705,0.16564074
784,1.0853714,1.4532864,0.2011858
785,1.0963084,1.5872898,0.16193706
786,0.9201026,3.9801033,0.18178962
787,0.9714719,1.6011066,0.18198828
788,0.905935,3.701277,0.1844683
789,0.884288,4.705447,0.13747685
790,1.0751971,1.3807591,0.14320596
791,1.0302464,1.6868268,0.20050532
792,1.0624381,7.2881036,0.18165384
793,0.9947747,2.7566953,0.15787905
794,0.7520935,1.6955564,0.18703021
795,1.0093518,0.35781717,0.16091701
796,1.0943173,0.024665833,0.14345177
797,0.9784125,1.6359277,0.21218617
798,1.0095,1.9110624,0.17086871
799,0.868175,2.0357838,0.17146006
800,1.0440276,3.681138,0.16665778
801,0.91745484,3.5013633,0.18213724
802,1.0758435,1.1121414,0.16507038
803,1.0070547,2.0903816,0.16443108
804,1.0733562,2.1359587,0.17110577
805,0.59093225,4.7679386,0.15810913
806,1.0294015,5.6381197,0.17555797
807,0.8477647,2.5708568,0.16736887
808,1.1018162,1.9138196,0.16925712
809,1.0728686,2.3179088,0.2140108
810,0.9957386,1.9294326,0.163268
811,1.078395,1.4336295,0.19575968
812,1.0749571,2.4171643,0.14709474
813,0.83327216,4.9624367,0.17052546
814,1.0286729,2.1172974,0.17715372
815,1.0795269,1.9004,0.18968426
816,0.98517495,6.6578326,0.16392331
817,1.0753822,1.7232633,0.16242956
818,0.9981889,1.4326528,0.20403521
819,1.044046,2.1049342,0.18559356
820,0.82554716,1.930364,0.19340914
821,1.0697445,0.841455,0.21678784
822,0.69267035,2.2737644,0.18166184
823,0.9711331,5.014694,0.13579029
824,1.0058434,3.1524785,0.21581542
825,1.0529974,0.55436933,0.15899219
826,0.8550918,3.6596768,0.17083094
827,0.93696344,1.7180985,0.16825107
828,1.0857997,1.5869232,0.16311097
829,0.9685426,2.049475,0.14797127
830,1.0810565,3.3209038,0.18195517
831,0.9058464,1.8810132,0.16249634
832,1.0791539,1.2439024,0.17535278
833,1.0188832,1.767683,0.1717205
834,1.0275717,0.9367064,0.19486822
835,0.88104856,3.582713,0.1796637
836,1.0138073,1.7534467,0.13686988
837,0.6779004,2.5312235,0.1613901
838,1.0029284,1.8643613,0.14459898
839,1.0514914,3.8842213,0.17245449
840,1.0038292,1.5288383,0.17012131
841,1.0991755,2.6743858,0.15382177
842,0.967271,2.059244,0.15140751
843,1.0612088,2.1679904,0.16280176
844,1.0591707,1.8365462,0.175285
845,0.96754247,4.75513,0.19007008
846,0.87652326,3.709639,0.16165929
847,1.0879742,0.148162,0.21479486
848,0.94596535,3.5186758,0.15603617
849,1.0634321,2.4726684,0.14347291
850,1.0200313,1.6893643,0.19046849
851,0.9144415,3.6197476,0.2141959
852,0.95897466,3.9659407,0.1827979
853,0.9944192,2.9921093,0.16188243
854,0.96421456,3.8912985,0.23100187
855,0.8504552,3.3881612,0.21499634
856,1.0073094,2.2878785,0.16203679
857,1.0177301,3.7382002,0.20014957
858,0.98123693,2.6834624,0.18366267
859,1.0231706,1.1871986,0.15189299
860,1.0440093,1.3146391,0.17903182
861,0.7566728,3.932159,0.19586624
862,0.6601399,3.8124144,0.19560194
863,0.8120905,2.1260343,0.22093728
864,0.9753058,2.1935651,0.19382219
865,1.0197802,1.9180117,0.21461485
866,1.0428096,3.2190554,0.18168913
867,0.8465857,2.3947008,0.19462125
868,1.0480362,3.3791509,0.20257756
869,0.9588813,1.4479852,0.1927829
870,0.86362994,3.6156802,0.16374056
871,0.96296865,0.7045102,0.20378622
872,0.93747026,1.9442544,0.23598912
873,0.97882617,1.6790009,0.19348897
874,0.97866374,6.763893,0.19580743
875,1.0236936,2.4600568,0.159826
876,1.0605464,3.6753993,0.17735702
877,0.9569573,1.9049441,0.15173674
878,1.0569344,1.8075018,0.17154732
879,1.0624253,2.597389,0.16520268
880,1.058242,1.8923073,0.18376139
881,1.0060372,6.898489,0.18761466
882,1.0649998,4.184101,0.17215574
883,0.8318447,4.3347836,0.16125178
884,0.9948741,2.179167,0.16053072
885,1.0129832,3.7971878,0.19869833
886,0.94078743,3.9381561,0.22210814
887,1.0775445,3.4345589,0.13263807
888,1.0933015,1.18826,0.18433699
889,0.80856466,2.4578593,0.16055727
890,1.0895044,4.0702124,0.1904204
891,1.0561678,0.3751278,0.16289154
892,0.8772929,3.4783614,0.23840857
893,1.0744425,2.0836966,0.1867282
894,1.0360731,0.37211633,0.13951603
895,0.82668924,3.699008,0.17513351
896,0.8621241,4.013442,0.16277575
897,1.0397586,1.9107145,0.20855765
898,1.0896832,3.4239726,0.1848986
899,0.97809035,3.7377305,0.16741122
900,1.028888,2.7393045,0.16853209
901,0.699387,1.6129305,0.17119138
902,1.0851922,0.12262392,0.1471076
903,1.083791,1.4572586,0.20188795
904,0.9832987,1.5376772,0.2278992
905,1.0200844,4.1122465,0.17664659
906,1.0375915,3.069725,0.18499368
907,1.0781548,1.7406206,0.19994316
908,1.0658385,2.04613,0.16635568
909,0.9503623,5.236308,0.18125789
910,1.0525552,4.4367294,0.15669751
911,0.7207427,1.7960202,0.16568093
912,1.090387,2.3791356,0.1779733
913,0.84294164,4.576975,0.16561149
914,0.9599536,4.2449365,0.13822483
915,1.019144,0.71626496,0.14584297
916,0.9363687,1.304276,0.1513435
917,0.58421963,2.423418,0.17156653
918,0.8477505,4.6738825,0.15019456
919,1.0757335,2.0586948,0.19429268
920,0.94252753,4.5815115,0.17617626
921,0.9185393,2.470782,0.2077027
922,0.9764085,4.2184343,0.20712617
923,1.051145,1.653446,0.17493398
924,1.0151685,0.65349203,0.14157282
925,0.86530185,4.4607368,0.20126829
926,1.0329803,3.563248,0.14889993
927,1.007294,1.8676174,0.18767983
928,1.0373756,2.218413,0.21200284
929,1.0915159,3.5247798,0.17836373
930,1.0143309,4.072363,0.19981876
931,0.91534877,2.685397,0.20437762
932,0.9729822,4.0786715,0.18021996
933,1.111666,2.3552532,0.20395984
934,1.0230472,0.84368706,0.16857849
935,0.9287528,0.40780854,0.16403982
936,0.7628689,2.9596128,0.16522145
937,1.0684912,0.3839091,0.16870083
938,1.08386,2.4090223,0.17735504
939,1.0673443,1.8171197,0.16282701
940,0.8170807,1.8637903,0.21490356
941,1.0408022,7.215694,0.18600062
942,0.9193607,3.6560884,0.23010996
943,1.0113112,3.1454263,0.15419903
944,0.9627186,1.9234395,0.16371684
945,0.98011404,2.0119832,0.21128704
946,0.901508,1.960885,0.17481044
947,1.0217136,4.903454,0.13106917
948,1.0778502,0.15338564,0.18736893
949,1.0829346,0.3600695,0.15483283
950,0.9736595,2.2742858,0.2408132
951,1.0835814,2.1506908,0.16755582
952,0.94217265,1.7070427,0.1787939
953,1.0241901,3.4069507,0.16440669
954,1.0567933,1.4735086,0.15400076
955,0.8436113,3.6054182,0.21426848
956,0.9643467,7.2100983,0.15040652
957,0.93984264,1.5879302,0.1564645
958,0.7929099,5.2993374,0.18907669
959,0.9036627,3.7553394,0.15992598
960,1.0085064,1.5950706,0.26477158
961,1.0724049,2.0810907,0.1510007
962,1.0819978,1.7280682,0.185847
963,0.7976334,2.0281045,0.15409769
964,1.0818051,2.3908796,0.16050865
965,1.0838612,4.3662252,0.17539462
966,0.9892341,1.5004891,0.18582655
967,0.86945486,4.358265,0.14641562
968,1.0362892,3.9100046,0.18089469
969,0.9480084,2.7072735,0.19196874
970,0.94709283,2.260387,0.17907184
971,1.0098294,1.3346164,0.18425044
972,1.0876523,6.791181,0.17443992
973,0.99463284,1.1537567,0.18050383
974,1.0406649,1.8679734,0.18700637
975,1.0427072,0.716382,0.1368566
976,0.95417285,2.196719,0.1531417
977,1.0502784,7.2231455,0.2117766
978,1.0915016,2.2919312,0.18820645
979,0.9122699,2.333952,0.18054539
980,0.9203979,1.8044834,0.20067117
981,1.0403099,2.2448533,0.22858353
982,0.9585673,2.9350295,0.19615844
983,1.0627848,1.448111,0.19452873
984,0.98845494,4.815291,0.18351297
985,1.0281488,1.041463,0.20057121
986,1.0078112,2.2956936,0.19522426
987,0.95788413,5.022452,0.1821867
988,0.71890414,1.5228143,0.15933399
989,1.0105162,1.3695617,0.16771527
990,1.0721642,1.885781,0.15225767
991,1.039458,1.583988,0.1815484
992,0.8065798,1.9625689,0.17422338
993,1.0292093,1.0892375,0.16291414
994,1.0840434,0.07155669,0.18371344
995,1.0038785,0.22985077,0.17159152
996,1.0595735,2.6910658,0.17612308
997,0.7726167,1.9693886,0.18589501
998,1.0248249,0.94677585,0.17386238
999,1.0621793,1.9145098,0.17091328
1000,0.8830947,2.7668142,0.15694234
1001,0.9190887,2.3983197,0.20020254
1002,0.98652834,3.761559,0.19073224
1003,1.0201831,1.6968982,0.1240457
1004,0.98617715,1.5588002,0.19122633
1005,1.0615889,0.4844882,0.14510767
1006,1.0044265,0.4354328,0.20167652
1007,1.0544125,1.9737391,0.15176952
1008,1.1051124,2.1888487,0.17509435
1009,0.93687785,1.6212478,0.16595145
1010,1.0231136,1.4270948,0.15901576
1011,0.9583348,1.9482172,0.16965641
1012,1.0114338,2.44304,0.1260943
1013,0.92630285,0.7196975,0.17956701
1014,0.9119996,4.4282627,0.20205414
1015,0.92948884,1.5509493,0.19319895
1016,0.9591351,4.389434,0.15342405
1017,1.0951641,3.8454087,0.14704046
1018,0.97479653,1.3507147,0.15529794
1019,0.96278656,2.0616722,0.2068935
1020,1.0727401,2.2370164,0.18234682
1021,1.0862972,4.34535,0.14840566
1022,1.0565332,1.9868994,0.16348152
1023,0.99411297,2.5504913,0.14044362
1024,0.86665606,1.6245795,0.17013595
1025,1.0643116,1.9679465,0.16231361
1026,1.0115616,1.5920223,0.15849367
1027,1.0911213,1.6682106,0.15958998
1028,0.9720031,4.107756,0.23080488
1029,1.1009234,2.0580041,0.20046332
1030,0.7450597,1.5865216,0.19711266
1031,0.8708361,2.038956,0.19650026
1032,1.0762669,1.3207228,0.19347015
1033,0.8804093,1.8119648,0.1673809
1034,1.0646906,4.5249996,0.20336014
1035,1.0696127,2.2402391,0.14618407
1036,0.8300308,3.4669151,0.17339712
1037,1.0732269,0.30947638,0.17608388
1038,0.81837434,2.965644,0.19783138
1039,1.0500175,2.314784,0.14978606
1040,0.756415,2.5987055,0.12824461
1041,0.8753881,1.828379,0.18518482
1042,0.84764326,1.8078444,0.16120018
1043,0.7168397,6.499605,0.20330375
1044,1.0760622,1.0968051,0.17470309
1045,1.035454,1.624913,0.19284597
1046,0.91328365,2.4811354,0.17963447
1047,0.9621128,2.3948827,0.16651803
1048,0.9704102,0.7801393,0.19421579
1049,1.1137254,2.322792,0.1329642
1050,1.07225,0.5896244,0.18054552
1051,0.87427986,4.437797,0.19488111
1052,0.79607356,1.5962412,0.17117405
1053,0.90703475,3.2736733,0.18878055
1054,0.8986863,1.3156279,0.16913342
1055,0.9893338,3.6330278,0.15744299
1056,1.0174556,0.66082335,0.2100366
1057,1.0523605,0.42876458,0.19166659
1058,0.97215295,2.2379775,0.17682937
1059,0.96110976,3.6409197,0.17014359
1060,0.99159175,3.6486907,0.2045414
1061,0.9166745,2.5958939,0.1304294
1062,0.8954385,3.7942579,0.18334264
1063,1.0447083,4.1107173,0.15890197
1064,1.0931518,0.06232238,0.17579974
1065,0.92881876,1.8147397,0.184233
1066,0.81630445,1.6090983,0.16200706
1067,0.6990235,1.1353899,0.15554775
1068,0.9836588,2.1163752,0.17920393
1069,1.0755175,0.22107244,0.23456976
1070,1.1003958,1.8646044,0.2112973
1071,0.9821702,1.2335733,0.19556464
1072,1.090616,1.6046934,0.18980753
1073,0.8852243,2.8525653,0.14538316
1074,0.868549,5.106595,0.220792
1075,0.92791927,1.8609225,0.18422425
1076,1.0602255,4.1844244,0.13833246
1077,1.0484018,1.8506873,0.25345933
1078,1.067909,1.8150827,0.16366833
1079,0.93388265,2.4917276,0.17757219
1080,0.9579997,1.3367014,0.19676772
1081,0.90856886,4.3401365,0.16906767
1082,0.9505794,1.4414691,0.19381969
1083,1.0330136,4.5730934,0.15599328
1084,1.040627,4.3706985,0.16942307
1085,1.0368917,1.4325719,0.21665244
1086,1.024449,1.804871,0.16315913
1087,0.9488268,3.6586838,0.17007954
1088,0.9944658,4.8319054,0.18840581
1089,0.84612215,1.8535454,0.17317405
1090,1.073671,1.339493,0.20867765
1091,1.0144771,1.3996637,0.17598405
1092,1.026019,1.5818639,0.13826282
1093,1.1149011,0.051560998,0.170925
1094,0.93692446,4.6414843,0.18965082
1095,1.0086981,0.39192414,0.17418495
1096,0.81259614,1.4245772,0.1526951
1097,0.91997045,3.5619965,0.16977939
1098,1.069637,1.2591687,0.15788846
1099,0.7311038,3.586431,0.17099631
1100,1.0184523,4.0130544,0.19445354
1101,0.81170845,4.633705,0.1602129
1102,1.0536156,3.5539558,0.18803516
1103,1.068762,1.4382031,0.15600829
1104,1.068037,1.4611113,0.21478164
1105,1.0148146,2.1152537,0.19521813
1106,1.0379497,4.7571807,0.17798938
1107,1.0830678,0.44495618,0.15191562
1108,1.0113733,2.0513835,0.16447617
1109,0.71514106,3.1232753,0.19116871
1110,1.0709294,1.4811268,0.2223425
1111,0.89525115,1.826487,0.19015808
1112,1.0083051,1.9595864,0.17245494
1113,1.098087,2.025847,0.1954838
1114,0.97388226,0.85061026,0.15860511
1115,1.0742813,3.7074518,0.18431883
1116,0.80874974,3.287395,0.17709674
1117,0.9413929,0.90399104,0.14833072
1118,0.9764908,0.86824906,0.13335015
1119,1.0531657,2.0785735,0.17591406
1120,1.0392294,1.5272107,0.1902448
1121,0.99931943,1.7224658,0.14437154
1122,1.020123,1.6665276,0.18645497
1123,0.99234694,2.1774104,0.18600436
1124,1.0246716,4.319819,0.18693466
1125,0.9287314,1.2846236,0.1873061
1126,1.0852872,0.03940153,0.18364702
1127,1.0303864,1.7115291,0.20886119
1128,0.9626721,4.217179,0.22310486
1129,0.90300024,4.2547503,0.18454398
1130,1.0479031,4.932368,0.16431311
1131,1.0566517,2.3022275,0.15978788
1132,0.9830131,0.41623095,0.15308493
1133,0.49791223,4.490732,0.19774008
1134,1.0493628,0.40805316,0.15794535
1135,1.0473763,2.1228905,0.14273278
1136,1.0573759,2.7650666,0.22226925
1137,0.73054636,3.6471467,0.23219337
1138,1.0702695,1.2809272,0.2269531
1139,0.77819294,2.7529407,0.20676984
1140,0.9840349,0.75679165,0.17360812
1141,0.97240984,3.1338763,0.20319852
1142,1.0679623,5.9839554,0.21300448
1143,0.7815053,2.8143773,0.14324039
1144,0.8425384,1.6930335,0.18853128
1145,1.0658008,0.14703417,0.18917048
1146,0.8955439,4.451415,0.20840168
1147,1.03805,5.1980133,0.18162285
1148,0.64809513,1.7416806,0.1580505
1149,0.92302823,6.723395,0.16835818
1150,0.9605437,1.6377361,0.1572357
1151,0.9618501,3.9784744,0.182838
1152,1.0899359,1.6931486,0.194117
1153,0.97626615,1.52003,0.20544115
1154,0.96130514,4.661752,0.17541397
1155,1.0598707,5.242801,0.17823032
1156,0.87524194,1.3701804,0.18295707
1157,1.0710534,2.2198162,0.17947827
1158,0.9309103,4.179059,0.15841588
1159,1.0310031,1.4705033,0.17537054
1160,0.9871652,4.564424,0.19814685
1161,1.0633779,0.16179156,0.19592285
1162,1.0614529,1.6696393,0.19091034
1163,1.0685498,2.6133964,0.16354355
1164,1.0791717,1.6980618,0.19944933
1165,0.92632455,3.620631,0.16568494
1166,0.96444505,2.1174603,0.21089873
1167,1.0484507,3.8666632,0.19988006
1168,1.0417582,2.1288605,0.13926601
1169,0.7816881,1.8460264,0.1781118
1170,0.8944293,4.026453,0.1952222
1171,1.0391749,3.2194152,0.1981039
1172,1.0933503,0.43816876,0.17289132
1173,0.9487854,3.9186256,0.1775489
1174,1.1080104,3.8229704,0.16464001
1175,0.987435,1.4543557,0.16434664
1176,0.9156055,2.4933023,0.18717848
1177,1.0082814,1.966242,0.17427567
1178,1.0309641,4.0190973,0.12539789
1179,1.0711025,2.1354833,0.15031572
1180,0.9133509,1.8033241,0.20082262
1181,0.94642365,2.673027,0.1800911
1182,1.0227436,2.6677222,0.16381139
1183,0.99337995,4.8314185,0.15426661
1184,0.6823794,2.215374,0.20239672
1185,1.0739007,1.8489695,0.14567325
1186,0.98961204,3.7718315,0.16947213
1187,1.0772998,4.0586166,0.17844483
1188,1.0621904,3.59173,0.15741256
1189,0.8236848,1.4366436,0.15357028
1190,1.0658534,3.57966,0.17035785
1191,1.016045,0.34254038,0.19387488
1192,1.0566281,0.32858682,0.14927897
1193,0.9055666,3.6892352,0.20929055
1194,0.90742743,2.5506303,0.19662943
1195,0.8950677,2.5246692,0.17630035
1196,1.0307264,5.733212,0.13687234
1197,0.97117484,2.5913494,0.1759198
1198,1.0946845,0.17164516,0.12190081
1199,0.81485415,4.508108,0.2099663
1200,1.0671451,0.5546044,0.2137695
1201,1.0267546,1.9671879,0.166842
1202,1.0546682,3.3016918,0.18099006
1203,0.8915014,1.8217525,0.17764445
1204,1.0218704,1.8855908,0.18009998
1205,0.61580676,1.3538148,0.1849908
1206,1.0362221,1.8641884,0.163545
1207,1.0180672,3.347889,0.20994869
1208,1.0569582,1.991854,0.18233089
1209,1.0401154,1.408279,0.15911876
1210,1.081564,2.286992,0.19546053
1211,0.97306865,3.988496,0.15066686
1212,0.99493605,0.9976351,0.17280957
1213,1.0096363,4.664861,0.21916711
1214,1.0898905,2.5727382,0.16744244
1215,0.96502435,1.4309669,0.20428638
1216,1.0976691,2.0779018,0.19927256
1217,1.0410091,2.4932573,0.1952274
1218,1.1161017,0.2160691,0.2080024
1219,0.95971197,3.5466852,0.22308905
1220,0.9201336,2.4395878,0.18172844
1221,0.9303298,4.2063956,0.15257283
1222,0.89914054,4.721644,0.16520362
1223,0.9804437,1.7649956,0.16138855
1224,0.9644988,2.0124002,0.1611606
1225,1.0400511,1.7192113,0.16580294
1226,0.88945353,2.5120006,0.18846557
1227,1.0923084,0.12663949,0.19658768
1228,0.9979809,0.7561855,0.15305662
1229,1.0343431,1.8271977,0.15519552
1230,1.0870355,4.318099,0.15495041
1231,0.94721806,3.1419003,0.17260553
1232,1.0802176,4.548434,0.1831764
1233,1.0299484,2.822712,0.15812844
1234,1.0847973,0.67503,0.17973593
1235,0.69184893,3.798998,0.16186221
1236,0.9859117,3.9603286,0.19789255
1237,0.92206097,3.617769,0.17434154
1238,0.97915024,1.7464207,0.1843629
1239,0.74605626,4.678451,0.18090053
1240,1.0516361,1.5811416,0.16035993
1241,1.0609913,3.9340365,0.1674162
1242,1.0564191,1.7623017,0.13814208
1243,0.98526406,2.7843888,0.17593361
1244,0.83260906,3.7466092,0.18728212
1245,0.8474775,2.4188538,0.20255592
1246,0.9575408,2.3078575,0.22031924
1247,0.8517469,5.242876,0.20394348
1248,0.9594463,5.8146925,0.21234554
1249,1.0169845,2.6388276,0.15502058
1250,1.0910739,0.16230845,0.15829498
1251,0.7189561,2.380647,0.13220793
1252,1.0044911,4.7314467,0.17006406
1253,1.1063142,0.20168626,0.19661702
1254,1.057449,1.6170329,0.16382053
1255,1.005968,3.0839586,0.1516643
1256,0.913169,1.7932441,0.19105655
1257,0.95049137,0.76378393,0.1994964
1258,0.8296581,3.7402122,0.19042407
1259,1.026363,2.3933992,0.13058043
1260,0.9263313,3.552306,0.1272079
1261,1.0720272,0.136554,0.14424855
1262,1.0178481,0.19850206,0.18321742
1263,1.0875341,4.70811,0.21155794
1264,0.9556941,1.4369836,0.16862176
1265,1.0979306,1.3549232,0.16776048
1266,1.1058489,2.7594848,0.17470516
1267,0.8878674,4.6930866,0.17842515
1268,0.9690837,1.9043417,0.17089646
1269,0.97737277,1.6326523,0.18900786
1270,1.0681834,0.71800053,0.19177005
1271,1.0353751,2.528369,0.17124115
1272,0.955527,2.7221441,0.17496693
1273,0.8936248,0.65005624,0.18282044
1274,0.98997474,4.6498384,0.22473837
1275,0.9423748,1.8506353,0.1922756
1276,0.98707694,2.4236417,0.20979522
1277,1.0628434,1.827848,0.23442115
1278,1.0638031,3.5300136,0.21481842
1279,1.0866348,1.4759407,0.2048753
1280,0.9045123,4.480462,0.22690775
1281,1.0680029,4.016176,0.22084984
1282,1.0042262,1.6312864,0.16084902
1283,0.9451522,2.8106928,0.16169493
1284,0.93984556,3.5355005,0.14566238
1285,0.8371752,3.5634785,0.15485941
1286,1.0278463,3.1444445,0.19636165
1287,1.0651886,1.8756299,0.20190467
1288,0.9896534,2.1260211,0.15258771
1289,1.0971427,1.7565334,0.17284705
1290,1.0856003,3.9423528,0.1283133
1291,1.0672332,3.1850097,0.20581363
1292,0.9416325,1.0751674,0.18252935
1293,0.988399,0.3493209,0.17688154
1294,1.1035964,0.07167196,0.15824042
1295,1.0713036,3.8492537,0.15657316
1296,1.0846477,0.954049,0.19126087
1297,1.0907426,4.0091295,0.19305855
1298,0.961893,4.281436,0.17470367
1299,0.92493385,0.8121263,0.17284691
1300,1.0833132,0.34912038,0.21021885
1301,1.066021,3.959324,0.19163574
1302,1.0577112,6.3333054,0.19631423
1303,1.0080509,2.454473,0.16768926
1304,0.9249265,5.197755,0.1856407
1305,1.0970224,2.6265717,0.17665797
1306,0.7082088,3.588785,0.18265313
1307,1.0061427,2.1693358,0.14884448
1308,1.1002579,2.7796183,0.16105525
1309,1.0742251,0.26414013,0.1935251
1310,1.0611435,2.4849923,0.17526183
1311,1.0620816,1.5794991,0.17045766
1312,1.0612986,2.0330815,0.1539051
1313,0.7486527,3.8759375,0.19408728
1314,1.0685443,4.079688,0.1828222
1315,0.9922136,3.1614246,0.17642389
1316,0.96636415,2.1127677,0.19355285
1317,0.7495214,2.392967,0.17244847
1318,1.0684507,0.0867331,0.17315315
1319,1.0242997,2.0121682,0.20522618
1320,0.9652874,5.1415963,0.16798052
1321,0.9768893,0.3331864,0.17963704
1322,0.90529716,2.2617435,0.20923084
1323,0.8813861,2.94422,0.17698061
1324,1.0732008,1.8556327,0.17148957
1325,1.0379765,0.30930376,0.15744416
1326,1.0438051,2.440594,0.17556994
1327,0.9788155,2.6252584,0.21175715
1328,1.0075436,2.0114727,0.16474715
1329,1.1066862,4.175832,0.15735279
1330,0.9688198,1.5915966,0.21560583
1331,0.9875712,4.1322074,0.18833482
1332,1.0823832,1.7308621,0.20095141
1333,1.0923269,1.5770034,0.15320887
1334,1.0901188,2.2899516,0.21544994
1335,1.0955944,2.4281085,0.19383077
1336,0.99376875,4.1965313,0.13847996
1337,0.96470463,3.0267088,0.15894547
1338,1.0550915,5.6582284,0.1817295
1339,0.78239495,4.931923,0.17836195
1340,1.0276723,3.3968434,0.18455215
1341,0.9356049,3.8021712,0.17078352
1342,0.8362962,1.4466462,0.21560244
1343,1.063899,1.6639886,0.20477283
1344,0.922031,1.5943792,0.17437926
1345,0.69787335,4.2443967,0.18062332
1346,1.0208765,1.7776072,0.12547016
1347,1.0623897,1.3562472,0.1469097
1348,1.0547796,4.0567384,0.18944299
1349,1.0742407,2.8468785,0.20482185
1350,0.66095245,4.4219737,0.1311705
1351,0.80787015,3.4217687,0.19702956
1352,0.99320567,2.6709538,0.20378572
1353,1.01572,1.8313675,0.1859781
1354,0.9506332,0.81448793,0.17300053
1355,0.92770135,2.4177256,0.18926686
1356,0.93456554,2.7974074,0.14082721
1357,1.0539136,2.0617833,0.20864888
1358,1.0125612,0.7109004,0.18555751
1359,1.064158,0.82052994,0.22543494
1360,1.0215918,1.7624952,0.2129781
1361,1.0268453,2.022322,0.18759173
1362,1.0569369,2.2527683,0.18453804
1363,1.0444919,3.6553655,0.17745924
1364,0.8011842,1.693566,0.2405389
1365,1.095372,1.8493139,0.16746008
1366,1.0765314,1.1671257,0.16125998
1367,1.021188,4.578265,0.17150038
1368,0.88742816,1.9948701,0.16428584
1369,0.76077163,1.736911,0.19459715
1370,0.91792053,2.4225287,0.1640322
1371,1.0676048,0.3467889,0.1806465
1372,0.93708223,3.6476479,0.16793941
1373,1.0886407,0.049990892,0.1601291
1374,1.0422043,1.6486406,0.19576907
1375,1.0494639,4.2686324,0.20394422
1376,0.9512759,3.7091002,0.20975277
1377,0.9000629,1.7468619,0.18120421
1378,1.0117873,3.7280896,0.15046288
1379,0.9098486,4.6505466,0.19352531
1380,1.0172516,5.6652417,0.17948249
1381,0.7078588,2.7427707,0.14321697
1382,1.0346384,1.7845309,0.16162862
1383,1.0476513,1.0342747,0.16261372
1384,1.0056863,3.767814,0.19106534
1385,1.0661445,1.5913472,0.18876953
1386,1.0109739,4.3550587,0.16501383
1387,1.062542,2.9841018,0.14118768
1388,1.1020676,1.0226643,0.18144713
1389,0.92206067,3.6364336,0.14320353
1390,0.8875167,2.1209126,0.16808893
1391,0.96875745,2.579865,0.18364444
1392,1.0067438,4.070137,0.19451955
1393,0.9725479,3.409025,0.19562499
1394,1.0786,1.5059432,0.19590211
1395,1.0225046,7.110382,0.22933914
1396,1.0457512,0.4485035,0.17342293
1397,1.1013921,1.5052625,0.172432
1398,0.97974986,2.017624,0.13414983
1399,1.0974168,4.420042,0.15821731
1400,1.0857645,1.593113,0.2064317
1401,1.0208664,2.8979383,0.14743716
1402,1.0548438,2.5007641,0.17681542
1403,1.0077473,1.5815158,0.1613359
1404,0.86577344,3.811555,0.19535024
1405,1.0197482,3.6674223,0.19579488
1406,0.99455285,3.4779172,0.17158912
1407,1.0628893,4.360285,0.19107835
1408,1.0263932,2.5404856,0.17883909
1409,1.0089393,3.9907308,0.21508682
1410,1.000507,0.32919955,0.21299215
1411,0.99907744,0.72931707,0.16045018
1412,1.1070942,0.026554346,0.20078942
1413,1.0250322,1.3445456,0.15860535
1414,1.0163748,4.580314,0.17113578
1415,0.9908518,5.001834,0.1696324
1416,0.88453764,8.975311,0.2241908
1417,1.1140325,3.980423,0.19273254
1418,0.9501787,4.878998,0.21391687
1419,0.969337,4.5268917,0.17734803
1420,1.0433528,1.9454896,0.15812972
1421,0.8944118,0.92779505,0.20336033
1422,0.7626432,4.829439,0.20765112
1423,1.0609752,1.8990424,0.15171829
1424,0.94819415,3.4664464,0.18141909
1425,0.9370317,1.1397684,0.17496951
1426,1.0760163,5.00146,0.17144011
1427,1.0756214,1.9952106,0.15683034
1428,1.0137892,3.42975,0.16111274
1429,0.9708027,1.5807722,0.1691377
1430,1.0346648,4.09216,0.25392142
1431,1.0439945,1.5593772,0.16423678
1432,1.0597707,1.6208792,0.18742573
1433,0.7346437,2.7112281,0.16773024
1434,0.9466725,4.2044654,0.18562627
1435,1.0234684,3.5911314,0.172726
1436,1.0588462,4.1254454,0.17064133
1437,0.72527957,1.9833565,0.18189709
1438,1.0076815,1.51612,0.16567723
1439,1.0350692,1.4688504,0.23833962
1440,1.0448542,4.4351506,0.16149163
1441,0.9997209,3.8294435,0.15094985
1442,0.9458362,2.3244503,0.16123691
1443,0.95935255,5.26584,0.19378415
1444,0.99309564,3.6572099,0.14382356
1445,1.1082199,1.6138802,0.16968583
1446,1.0036987,1.9078977,0.16110714
1447,0.96782345,1.3237885,0.2389471
1448,1.0718594,4.405285,0.14420624
1449,1.0443344,4.072773,0.1607731
1450,0.64655393,3.7311301,0.2084119
1451,1.1049082,4.7458096,0.2052725
1452,1.0768785,1.23049,0.17186971
1453,1.0272415,0.28187954,0.191308
1454,0.9181099,7.744318,0.19710067
1455,0.9795137,1.8175969,0.15340994
1456,0.89637935,1.5941129,0.19363376
1457,1.0540206,0.20716357,0.2115742
1458,1.0175399,2.3945189,0.14633177
1459,0.7813614,4.34324,0.24465264
1460,0.9616312,1.4390529,0.16562042
1461,0.9514976,1.8028774,0.16500245
1462,1.0659825,0.87759584,0.13936089
1463,0.9734488,0.9543105,0.20844243
1464,1.0259796,3.3048139,0.16962086
1465,0.9921975,4.225876,0.17389734
1466,1.0781853,1.3197308,0.18983784
1467,0.99993086,1.6830932,0.18396263
1468,0.91981184,4.7744484,0.15736675
1469,1.0699292,1.1332705,0.17027882
1470,1.0845017,0.035344124,0.16428477
1471,1.0338364,2.1209948,0.1635893
1472,0.93641657,1.0900853,0.15436792
1473,0.92811316,1.8675886,0.18725687
1474,1.0531889,2.0016243,0.2065883
1475,1.0959696,1.5117502,0.17392324
1476,0.9614283,1.8848844,0.16677566
1477,1.0559591,2.0090427,0.15996604
1478,1.0486013,2.1523728,0.13399501
1479,0.952728,0.8545315,0.18545611
1480,0.70747644,1.4626119,0.18237819
1481,0.91141707,3.1360376,0.21040459
1482,0.9626005,1.3510989,0.19158714
1483,0.9328604,4.094047,0.14061442
1484,0.96784604,1.1649399,0.20417456
1485,0.948169,2.4449391,0.16236883
1486,1.0197394,0.8370178,0.21095265
1487,0.9175385,4.8567915,0.18702675
1488,1.0922508,3.6459494,0.15399887
1489,0.8792006,0.77151966,0.2024646
1490,1.0966496,0.0989081,0.1874336
1491,0.86162496,4.444801,0.20111208
1492,1.0559212,1.4063241,0.2113642
1493,1.0738112,2.9013007,0.17562336
1494,1.0210268,1.9715173,0.17958158
1495,0.8159913,3.5443735,0.16197622
1496,0.99423647,1.7009768,0.14500645
1497,0.98033535,2.6362798,0.17069353
1498,0.9872707,3.9550202,0.18049246
1499,0.8806121,4.475322,0.21322529
1500,1.0722499,3.5332053,0.18358426
1501,1.0376691,3.8900385,0.18301272
1502,0.9299554,0.88610953,0.1943889
1503,1.0780163,3.7431483,0.2188281
1504,1.0749065,1.7415955,0.15183656
1505,1.0931855,1.1799756,0.19549075
1506,1.0614605,1.347213,0.14605089
1507,0.85210955,1.4287848,0.18555823
1508,0.99107873,3.458601,0.1684759
1509,0.88918036,1.7204276,0.16783269
1510,1.0991321,2.744637,0.18440174
1511,0.5786725,2.9920104,0.21078636
1512,1.0024503,2.2891328,0.1686469
1513,1.0837891,0.19472933,0.15162641
1514,0.9776474,1.4896467,0.16762413
1515,1.0024675,7.5946674,0.18949191
1516,0.9979292,4.3723674,0.15803543
1517,1.0260388,2.1466742,0.13521057
1518,0.94744647,1.5941765,0.19620822
1519,0.9833394,1.6869675,0.21233761
1520,1.0615993,2.0837164,0.14013919
1521,1.0831264,2.117374,0.21125993
1522,1.0405302,1.8759425,0.16753528
1523,0.8970752,0.89742684,0.15248394
1524,0.90576106,2.270516,0.20605884
1525,0.6697587,7.1576815,0.17947444
1526,0.91669285,2.3932893,0.1534801
1527,1.0750349,1.7585526,0.17149787
1528,1.007196,1.9925704,0.17243421
1529,0.91255504,1.614964,0.14894645
1530,1.0484016,0.1359539,0.13255619
1531,1.0119478,3.3999193,0.19117601
1532,0.95516807,2.3718705,0.1436253
1533,0.9830157,1.7398832,0.18296297
1534,0.9238062,0.50200486,0.18306243
1535,1.0839689,1.3760074,0.1733105
1536,1.0326905,0.95410085,0.18164816
1537,0.9682971,3.828908,0.1948666
1538,0.9219877,2.6269865,0.14507608
1539,1.0512068,0.74265677,0.17188597
1540,1.0848119,3.3884392,0.17699309
1541,1.0423473,1.8271173,0.21542427
1542,0.9731357,0.6245148,0.16048597
1543,1.0279701,3.596527,0.20105988
1544,1.0686368,0.4075986,0.1375266
1545,1.0096157,1.2003789,0.17607534
1546,1.0690747,2.0175633,0.15517545
1547,1.0863249,2.4781559,0.15540421
1548,0.98094505,2.052769,0.15121719
1549,0.87660646,7.324732,0.22478291
1550,0.9069368,1.6925185,0.21075213
1551,1.0564137,0.28123236,0.17499708
1552,1.0022227,1.1856766,0.1630188
1553,1.0906081,3.1606634,0.17480242
1554,1.0122113,2.023656,0.17302664
1555,0.95838374,2.8519247,0.18658046
1556,1.0165142,1.9586291,0.171177
1557,1.0602489,2.015268,0.16155407
1558,0.98490363,1.9601433,0.18635148
1559,0.8824808,1.4460785,0.14948857
1560,1.0238752,1.7144545,0.19126093
1561,0.9780156,4.929242,0.17347242
1562,1.0631691,1.7046218,0.15389737
1563,0.89919513,0.69412875,0.15882213
1564,1.0549453,2.0448878,0.18870479
1565,0.8305834,7.560787,0.18110137
1566,1.0666897,2.4124138,0.18931851
1567,1.0279795,4.7778153,0.18058465
1568,1.0630955,1.987143,0.17279999
1569,0.94492364,1.2103555,0.17962345
1570,1.0829554,1.9434667,0.1655774
1571,0.80719626,4.4932766,0.1415733
1572,1.095578,3.9045377,0.2354822
1573,1.0664893,1.5994085,0.15043508
1574,0.990643,4.200136,0.17076734
1575,1.061489,3.6729555,0.19426486
1576,1.0248157,1.3352673,0.18252914
1577,0.9089968,1.8517487,0.19899638
1578,0.63154197,3.7445607,0.15596683
1579,0.62115544,3.5704594,0.16873172
1580,0.99557334,3.2484002,0.19184037
1581,0.9814384,4.784883,0.15234391
1582,1.0195904,1.6134546,0.1405349
1583,1.0803748,0.7659466,0.15686318
1584,1.1042566,1.4972047,0.15978043
1585,1.0192463,1.5853424,0.1779428
1586,1.0496575,0.33443022,0.19593993
1587,0.772056,0.6069102,0.1844205
1588,1.0491683,3.4599404,0.2050015
1589,1.0290442,3.2478547,0.14212301
1590,1.0904111,0.1731427,0.21621235
1591,1.0823835,0.8408936,0.20938152
1592,1.0748764,1.801149,0.17434604
1593,0.80049956,4.0697556,0.18556178
1594,1.0367174,2.0216641,0.1541213
1595,1.015106,1.6763356,0.20633613
1596,1.0181204,3.113098,0.16001189
1597,0.9528948,2.0233407,0.19853064
1598,1.0544039,2.317213,0.17715889
1599,0.9703269,4.2499347,0.18945007
1600,0.9710605,3.3924603,0.18446012
1601,0.9606501,3.3500707,0.16262248
1602,0.8673678,2.5066504,0.14060174
1603,1.0133886,1.7376797,0.20278394
1604,0.90463924,3.672048,0.19296761
1605,0.8305166,1.6828089,0.1347614
1606,1.0595199,1.8478135,0.18124525
1607,1.0133498,6.6501675,0.20999488
1608,1.0896416,1.4227971,0.16214105
1609,0.99703246,1.4373466,0.17054988
1610,1.0258673,0.2075994,0.20894916
1611,1.0478932,1.3169345,0.13006227
1612,1.0323496,0.53351927,0.19804823
1613,1.0749543,1.4853041,0.17356646
1614,1.0379398,2.0146434,0.19491792
1615,0.9800789,3.3016324,0.14631215
1616,0.5201692,3.093425,0.19892739
1617,1.0903136,2.5561357,0.18014628
1618,0.90476424,1.8637227,0.19818242
1619,0.9839588,4.5359564,0.17986493
1620,1.0732849,0.6396513,0.1591679
1621,1.0302247,1.015928,0.16584532
1622,0.9372932,4.760637,0.17644879
1623,1.0315251,2.437726,0.1856997
1624,0.8940946,3.8756843,0.18163274
1625,0.9620643,4.475979,0.17827746
1626,0.896363,4.2970104,0.18493114
1627,0.94222087,3.3091576,0.20546629
1628,1.0772463,1.357542,0.15060034
1629,1.0623542,1.6073551,0.16087236
1630,1.086874,0.31249833,0.22683853
1631,0.9392824,1.4018592,0.21022898
1632,1.0773605,1.7499275,0.1685107
1633,1.0282283,1.6350614,0.18588322
1634,1.0917542,3.0009248,0.15529326
1635,0.90784705,1.8688763,0.17928545
1636,0.80008185,4.955372,0.18181469
1637,0.64468384,2.5809689,0.19622993
1638,0.91328275,2.180574,0.18512504
1639,0.7878511,2.1366906,0.1759399
1640,1.023276,0.5414603,0.1735113
1641,0.98147565,4.7805214,0.15749605
1642,0.8434507,4.855236,0.1328604
1643,0.8901155,1.6735853,0.18395251
1644,0.95891154,1.4784267,0.20446575
1645,1.0325819,1.2779379,0.18916354
1646,1.0146508,1.7511914,0.15020193
1647,1.0284252,1.6810217,0.1473438
1648,0.9903591,3.5730717,0.16834351
1649,0.88324153,5.083474,0.17935702
1650,1.0485352,0.28264198,0.17803168
1651,1.0419474,0.29793084,0.17916673
1652,1.0142319,1.0269424,0.18740375
1653,0.95744455,1.3405277,0.15705228
1654,0.9986377,0.34492278,0.17918111
1655,1.0936496,1.4266211,0.14618719
1656,0.82853645,1.809896,0.19935721
1657,1.045174,1.6887248,0.14943056
1658,0.8820257,3.98538,0.1615174
1659,0.9897995,1.5322862,0.18414178
1660,0.96019536,3.843152,0.14243168
1661,1.0566876,0.41246223,0.13118537
1662,0.8388478,5.8840914,0.20557292
1663,0.9784286,1.686518,0.15559974
1664,1.0337225,1.7437341,0.17256092
1665,1.1029679,1.0497017,0.15275337
1666,1.010688,1.7001327,0.17281544
1667,0.8501061,4.818571,0.22537863
1668,1.0750655,1.2301551,0.18355426
1669,0.84402764,3.7726305,0.20524837
1670,1.0706289,3.3995397,0.22850305
1671,0.8445023,8.386027,0.16203307
1672,1.0632036,2.950262,0.2027205
1673,1.0336033,3.455231,0.14093287
1674,1.0593088,4.129057,0.18851571
1675,1.0508537,4.364831,0.18437134
1676,0.98481107,3.6959558,0.15869536
1677,1.0403668,3.1070905,0.18618912
1678,1.0108982,2.1102886,0.19047831
1679,1.0975546,1.6219217,0.18583964
1680,1.0428417,3.7521348,0.18414558
1681,0.96325153,0.8956778,0.15181771
1682,0.9267159,3.199027,0.20206629
1683,0.9946804,0.33400583,0.18758518
1684,0.99836206,1.3871089,0.1580022
1685,1.0966022,3.2701993,0.18830533
1686,0.9473696,1.3491437,0.14423952
1687,1.0343618,1.9532552,0.16641603
1688,0.930833,2.4716563,0.15502357
1689,0.84100556,3.5459733,0.18857488
1690,1.0169823,1.4821409,0.20767762
1691,0.9111825,2.194994,0.15517415
1692,0.6933615,4.010132,0.20910686
1693,1.0656,1.328882,0.19264635
1694,0.99403304,1.7783529,0.15756075
1695,1.0394319,1.4709378,0.21075639
1696,1.0807375,2.7547255,0.19296056
1697,1.0727048,1.3828602,0.20950556
1698,1.0613674,3.5305972,0.23275748
1699,0.9928633,1.6890808,0.22398551
1700,0.8627875,1.6718304,0.13988498
1701,0.8438633,4.0480175,0.16705614
1702,1.1059473,0.53713995,0.17458548
1703,1.0374773,1.4817857,0.18992105
1704,1.0712117,6.8758793,0.20347092
1705,1.0147264,1.820348,0.20601657
1706,1.1066983,0.33067667,0.16841817
1707,1.0652385,6.5737143,0.14311203
1708,1.0724366,0.13381982,0.15077898
1709,0.99386567,0.50914454,0.12710017
1710,1.0326303,1.753893,0.1625311
1711,0.92930007,1.497381,0.21013984
1712,1.0644127,4.071537,0.16228001
1713,1.0464102,2.7742333,0.16514029
1714,1.0884795,1.3740852,0.19750369
1715,1.0246102,5.6761265,0.18316545
1716,1.0614775,1.9311993,0.17968923
1717,0.9259507,5.713545,0.19639792
1718,1.0022643,1.7092042,0.18083443
1719,0.92589426,4.0487795,0.15266734
1720,1.0872269,1.5414485,0.17056917
1721,0.9659871,5.279351,0.18197928
1722,1.0096607,4.368278,0.1912059
1723,0.9350094,3.6378226,0.15388627
1724,1.0442044,1.8776934,0.20054646
1725,1.0515002,0.36172503,0.15415317
1726,0.9171945,4.965282,0.18733808
1727,0.9600173,5.712347,0.18421264
1728,1.0555769,2.8198462,0.14646892
1729,1.0493408,1.7665415,0.20429116
1730,0.9738966,2.5943503,0.21207872
1731,1.0684395,1.235815,0.1735615
1732,0.8615718,5.666461,0.16771252
1733,1.064975,3.9179952,0.2137841
1734,1.0785697,3.8887148,0.16464265
1735,0.90268266,4.0429144,0.19292386
1736,1.0227134,2.3831587,0.19048668
1737,1.0413393,2.3676622,0.18037206
1738,1.0695503,1.666423,0.18567051
1739,1.0694616,1.3425682,0.15077673
1740,0.9931972,1.0916764,0.15711872
1741,1.0801138,2.5294693,0.122929335
1742,1.0486382,0.63762605,0.18232363
1743,1.0618849,1.8498411,0.21478507
1744,1.0790813,3.8829956,0.1369943
1745,1.0889772,0.05674815,0.15305461
1746,1.0540271,3.7332885,0.18006065
1747,1.0815601,4.9379673,0.15914853
1748,0.97374976,1.5194511,0.16051897
1749,1.0897899,3.9661195,0.15095909
1750,0.9651005,2.5312827,0.16111724
1751,1.0797526,2.515964,0.20046276
1752,0.99059814,3.9067724,0.16353536
1753,1.0732961,1.3175559,0.18449752
1754,0.85232437,4.489008,0.18245478
1755,1.0924897,1.049824,0.14478758
1756,1.0213689,4.754808,0.18064918
1757,0.8192855,3.41325,0.1496301
1758,1.0382227,4.5716147,0.21278739
1759,1.0150917,7.4278517,0.21187313
1760,1.0855993,1.3709182,0.2117651
1761,0.82798994,2.9048202,0.1674241
1762,1.0727911,0.29801834,0.16748506
1763,1.0697428,6.931095,0.15541455
1764,0.9997444,3.3906088,0.16407453
1765,0.7482915,4.6919923,0.20229019
1766,1.082017,2.885055,0.15604074
1767,1.0277919,3.4866982,0.160351
1768,1.0545392,0.8494661,0.19632523
1769,1.0894392,1.6071051,0.18166514
1770,1.0343976,0.6258924,0.16100909
1771,1.0184197,1.228378,0.16782087
1772,1.0872005,3.2834024,0.22546206
1773,0.9471755,2.1279185,0.1867271
1774,1.025663,1.8029126,0.14354174
1775,1.0561985,2.432477,0.1926198
1776,0.9182641,7.875555,0.20519137
1777,1.0627198,0.29751456,0.18222427
1778,1.0411541,1.5046132,0.17261201
1779,1.0139192,2.3848019,0.16493377
1780,0.86167645,4.5584073,0.14686076
1781,0.98145485,2.6584086,0.1784746
1782,0.92841065,1.971596,0.2033733
1783,0.9172257,2.0709085,0.1795052
1784,0.9803449,1.9760783,0.17040513
1785,0.8788519,7.8661656,0.17812611
1786,0.90061665,5.3280764,0.17481895
1787,0.9598121,2.4299784,0.17134471
1788,1.0540346,2.7675908,0.17393349
1789,1.0983845,1.013567,0.19177033
1790,1.10098,1.692316,0.17677778
1791,1.0637822,1.5238035,0.21227014
1792,1.0429469,3.4461398,0.16876724
1793,0.79781646,3.6650212,0.18460083
1794,0.9860072,1.9435028,0.1565505
1795,1.0961455,0.26282167,0.20902488
1796,1.0134256,2.784504,0.14431585
1797,0.9644009,7.256277,0.23908481
1798,0.8720974,1.115051,0.18620834
1799,1.0487012,3.10817,0.18174599
1800,0.8995644,4.3227553,0.18210246
1801,0.8720304,2.4434862,0.20305002
1802,1.0859606,2.6979895,0.16195601
1803,0.94285953,1.7974067,0.20130746
1804,1.0065536,2.4329479,0.1986846
1805,1.0141542,3.6423168,0.16996506
1806,1.0800861,1.7177281,0.15030119
1807,0.8624418,1.819552,0.2303861
1808,1.0945818,1.2964857,0.19278148
1809,0.9810336,0.305503,0.14727917
1810,1.080431,1.9191527,0.17169082
1811,1.0201652,1.3013052,0.15074503
1812,0.97056925,3.88432,0.17447095
1813,1.0051581,1.9765491,0.16499601
1814,1.0522481,1.2943375,0.20541608
1815,1.088701,0.7075616,0.16148064
1816,0.83754486,1.8920114,0.19333579
1817,0.97198004,4.855075,0.1729474
1818,0.9299314,2.422455,0.221333
1819,0.9841379,1.8351424,0.15709253
1820,1.1020766,2.9105356,0.15508921
1821,1.0366702,3.5865269,0.19072695
1822,0.9488479,4.221606,0.18186827
1823,1.0636775,3.948579,0.17178318
1824,0.6054686,5.611554,0.18061672
1825,0.9458057,2.3899393,0.17371717
1826,1.0799178,4.219852,0.15721643
1827,1.0907776,2.1292753,0.16538517
1828,0.96598774,2.8947415,0.18077318
1829,1.0667831,4.769777,0.17444764
1830,0.87974656,0.9415649,0.18657406
1831,1.0295871,1.3826125,0.18388742
1832,0.70170695,2.9776378,0.13623142
1833,1.0574344,0.5010658,0.2020097
1834,0.99058783,2.3461936,0.14067894
1835,0.8334786,1.8935359,0.22123127
1836,1.083215,1.7714095,0.19950733
1837,0.9924874,2.0820956,0.19387573
1838,1.0875045,0.689672,0.16895759
1839,0.90665215,4.936721,0.1882863
1840,0.91552407,2.0409503,0.19972017
1841,1.0504748,0.3188331,0.16310838
1842,1.0596675,4.52725,0.14303221
1843,1.0243698,1.8485371,0.18754394
1844,1.0973591,1.7305135,0.1491328
1845,0.81097317,2.410513,0.17424516
1846,1.0110327,3.9508882,0.18906023
1847,0.9678643,2.2423444,0.16510193
1848,1.0549457,3.357337,0.19732347
1849,1.0409995,1.8479426,0.22036265
1850,1.0630338,1.4763767,0.2102523
1851,1.0765209,1.8622472,0.1658324
1852,1.0535094,1.6471428,0.15647256
1853,0.7739152,2.371644,0.19955213
1854,0.9920691,2.8373673,0.15561764
1855,0.9578848,2.28777,0.15020794
1856,1.030293,3.8187327,0.16153914
1857,1.091408,1.377557,0.1814363
1858,0.8725671,2.4408283,0.18659748
1859,1.0716792,4.1581964,0.17624018
1860,1.0150677,4.3882465,0.16380373
1861,0.7727289,4.9829745,0.22088301
1862,1.0928756,0.04640484,0.17497602
1863,1.0702692,1.4071937,0.20494202
1864,0.994358,3.5837286,0.16609938
1865,0.9732224,2.208683,0.17228843
1866,0.96136135,4.6220584,0.17100479
1867,1.0654899,1.6506594,0.17600241
1868,0.9888302,4.3855033,0.19381256
1869,0.8512787,1.8611228,0.19995248
1870,1.1099303,0.93745756,0.17716812
1871,0.9345174,3.6792996,0.2044253
1872,1.0188327,4.8364773,0.20006071
1873,1.0179068,6.8425703,0.24256954
1874,0.9943346,1.0358045,0.17088057
1875,1.016173,1.8761662,0.14350481
1876,1.0085884,1.6621001,0.20027539
1877,1.0591509,0.20738584,0.18320529
1878,0.81047964,3.5846906,0.16766718
1879,0.91446275,5.2172413,0.20230713
1880,1.0199265,1.7513359,0.16982394
1881,0.91880596,1.5020026,0.17664905
1882,0.9540103,1.4015077,0.21822494
1883,0.7868178,3.6603546,0.1776738
1884,1.0488261,1.7098753,0.17527814
1885,1.016866,1.4620988,0.1818434
1886,1.0026292,3.8524237,0.19168897
1887,1.0607461,1.4790517,0.17420061
1888,1.0903369,0.031960726,0.16865559
1889,1.0407894,2.6005073,0.16472918
1890,0.8216027,2.0921583,0.1451731
1891,1.0870742,1.1382545,0.1707326
1892,1.0379113,0.70925474,0.16927299
1893,1.0808663,2.0766678,0.19245245
1894,1.060574,1.8260301,0.19823912
1895,1.0429896,2.7944086,0.15604
1896,0.99190116,1.5655469,0.12234448
1897,0.9794085,0.5943011,0.16055137
1898,1.0146546,3.1075168,0.19451919
1899,1.0762411,4.1401496,0.17002046
1900,1.0124427,1.0608959,0.16292338
1901,0.87051755,1.9636104,0.17147203
1902,0.99834126,2.6013615,0.19726263
1903,1.1209584,2.466017,0.15918142
1904,1.0765415,0.84496623,0.19926049
1905,0.7944635,2.1346111,0.19421174
1906,1.0410426,5.0825396,0.17102072
1907,0.963301,4.8140006,0.16475704
1908,0.8070655,3.5203109,0.16371888
1909,1.0839403,1.3336809,0.1471443
1910,0.96789587,2.0708227,0.16162641
1911,1.0376775,2.964811,0.12593183
1912,1.0238447,1.5724611,0.15392339
1913,1.0084989,0.9685302,0.15844262
1914,1.041679,3.18996,0.17997259
1915,1.0851462,0.7023337,0.18739754
1916,0.98473626,0.4633361,0.19921371
1917,1.0854211,1.4252399,0.19913332
1918,0.9861006,2.7921624,0.185081
1919,1.0723761,1.3184879,0.19531792
1920,0.96668947,4.399129,0.14729705
1921,0.95319617,0.7732504,0.20530903
1922,1.0769734,2.6189952,0.17651993
1923,0.96969473,3.7085948,0.20552634
1924,1.0799743,3.7269862,0.1625551
1925,1.0849755,1.927878,0.19125958
1926,0.4621073,5.287173,0.20824714
1927,0.7892907,7.3324947,0.20479992
1928,1.0543271,1.9332575,0.16863187
1929,0.75935143,4.9758987,0.16845213
1930,1.0437627,4.8531528,0.17307119
1931,1.0678302,3.6265144,0.17050537
1932,0.930632,3.5863385,0.18329644
1933,1.0712095,1.2739503,0.19035135
1934,0.97359353,4.544065,0.16315924
1935,0.7693184,3.1153357,0.15205218
1936,1.0367899,0.5390679,0.20882016
1937,1.08917,4.3715644,0.17642993
1938,1.0435013,3.6412988,0.16784815
1939,0.8748001,2.2269874,0.1856189
1940,1.0813627,2.8724687,0.2148433
1941,1.0763725,0.12355733,0.16992563
1942,0.7976926,0.5134424,0.17373228
1943,0.97461563,4.298701,0.20140441
1944,1.0811995,3.0866508,0.18067884
1945,0.9736978,3.3721247,0.19430298
1946,0.9217783,3.590179,0.18360716
1947,0.96197176,1.5444854,0.13785157
1948,0.9627028,4.81793,0.16474614
1949,1.0105238,1.6672126,0.1903862
1950,1.0110567,3.6809533,0.16928858
1951,1.0828333,1.7199996,0.17732832
1952,0.8526641,2.0778165,0.20402169
1953,1.1087995,1.5232716,0.24335074
1954,1.0374193,1.4016852,0.16339438
1955,1.0779864,0.15548074,0.17805193
1956,0.8426165,5.1110015,0.1782963
1957,0.90283126,1.4575262,0.14821161
1958,0.9822386,3.2053623,0.17816345
1959,0.95571744,3.4878209,0.1667575
1960,0.858528,4.0901484,0.19504195
1961,0.9821983,1.1601311,0.14853036
1962,1.016966,0.49064922,0.16887999
1963,1.0064491,0.78589386,0.18432006
1964,1.0814577,4.0069785,0.15170489
1965,1.057748,1.3413872,0.1853032
1966,0.81749356,1.7807869,0.2150155
1967,0.90866137,3.7309837,0.18145819
1968,0.892062,2.0365663,0.14792469
1969,1.065653,7.549635,0.15592317
1970,1.068761,1.115515,0.1433368
1971,0.91267836,4.358463,0.18556346
1972,0.8638855,1.7370243,0.19822249
1973,0.8801279,4.2302046,0.13621418
1974,0.9814295,7.3010774,0.23608238
1975,1.066984,2.4564328,0.18899572
1976,0.9979708,4.766554,0.19295706
1977,1.0420516,3.2762406,0.18074927
1978,1.0700043,3.5794601,0.20013933
1979,1.0043195,0.22532392,0.20334052
1980,0.92936814,1.6097897,0.14372827
1981,1.062836,0.33503973,0.19513275
1982,0.9688755,2.1398404,0.17723046
1983,0.9295719,1.6192126,0.18935159
1984,0.81534266,3.1432157,0.15017709
1985,1.0552151,1.7859125,0.20887753
1986,0.99320835,3.4016738,0.16732073
1987,1.036347,4.029772,0.18621372
1988,0.935168,2.7394328,0.16803864
1989,0.8999246,1.1395828,0.19824228
1990,1.0064058,6.516341,0.22810206
1991,0.94443786,5.1127744,0.17019247
1992,1.0300484,4.6429462,0.17652938
1993,1.1048752,0.7101309,0.1902923
1994,1.0301977,3.9331722,0.15391833
1995,1.0303036,3.3859649,0.1612843
1996,1.0770078,2.7022905,0.15032701
1997,0.9623709,1.511594,0.1715045
1998,0.9519367,5.416603,0.2113744
1999,1.0068411,1.3824792,0.14894871
